<?xml version="1.0" encoding="UTF-8"?>
<objects serializationModel="Studio.01.10.00">
    <object class="Workspace" id="{bced031c-f4db-4399-94dc-d3500450b9ac}">
        <relationship name="projectSettings">
            <destination>{6d6d33b0-7b6d-43c2-9bda-1f0787fc9498}</destination>
        </relationship>
        <relationship name="changelist">
            <destination>{c0ee08fa-677e-4e66-a6b2-4d61f5968397}</destination>
        </relationship>
        <relationship name="profilerSessionFolder">
            <destination>{b677beb3-3700-49b7-992f-721fdc45a939}</destination>
        </relationship>
    </object>
    <object class="ProjectSettings" id="{6d6d33b0-7b6d-43c2-9bda-1f0787fc9498}">
        <relationship name="activePlatform">
            <destination>{10559b06-0a3a-48ff-b799-7e6e6968c9a7}</destination>
        </relationship>
    </object>
    <object class="WorkspaceChangelist" id="{c0ee08fa-677e-4e66-a6b2-4d61f5968397}"/>
</objects>
