<?xml version="1.0" encoding="UTF-8"?>
<objects serializationModel="Studio.01.10.00">
    <object class="Event" id="{03bca8d0-eb3d-4083-8c91-c78fe3b6d8e4}">
        <relationship name="uiLastParameterSelection">
            <destination>{87f499b5-3ce4-413a-8121-861b04e9eb80}</destination>
        </relationship>
    </object>
    <object class="MasterTrack" id="{dfd944cf-097f-43bc-933e-2b1c03203b6e}"/>
    <object class="MixerInput" id="{6d6421c3-66c6-4e33-a8a5-99914216ff06}"/>
    <object class="EventAutomatableProperties" id="{f2ad1520-0570-4bb2-a351-b94364f8c08f}"/>
    <object class="MarkerTrack" id="{108d518a-99da-4d8e-a7f0-6227b2408638}"/>
    <object class="GroupTrack" id="{35cd250f-8a7c-4213-90d3-bda43bf9ea5b}"/>
    <object class="Timeline" id="{87f499b5-3ce4-413a-8121-861b04e9eb80}">
        <property name="uiLastRulerScaleRatio">
            <value>0.02461033634126333</value>
        </property>
    </object>
    <object class="EventMixerMaster" id="{522cdcf5-f2c6-472a-8464-82e4931cee87}">
        <relationship name="input">
            <destination>{4ccebb15-afda-47cb-8ad8-e87f05277f7f}</destination>
        </relationship>
    </object>
    <object class="MixerBusEffectChain" id="{2fccadb1-e3a6-44c4-bb75-3b427a7303e7}"/>
    <object class="MixerBusPanner" id="{f3f15f3c-85be-4b96-8a09-4e82ad42a76b}"/>
    <object class="EventMixerGroup" id="{4ccebb15-afda-47cb-8ad8-e87f05277f7f}"/>
    <object class="MixerBusEffectChain" id="{496b8d2a-baf6-4774-aed2-b256b015225f}"/>
    <object class="MixerBusPanner" id="{1de392ba-7aac-4721-b6e5-0b2d4f94178c}"/>
    <object class="MixerBusFader" id="{1ebbe79f-3dc8-4e93-ae39-28b64817c0a1}"/>
    <object class="MixerBusEffectChain" id="{b9c36e16-a23c-4b15-8a22-9996b2b0fef7}"/>
    <object class="MixerBusPanner" id="{94017767-3955-4c7b-bb7a-3c82f1bb21e7}"/>
    <object class="MixerBusFader" id="{bc452ee2-b602-4420-98a7-0352fc8136ee}"/>
    <object class="SpatialiserEffect" id="{ac68c428-ce00-49e8-827b-02671584ff25}"/>
    <object class="MixerBusFader" id="{83e46723-4f00-46e9-a379-8e922aeb33cf}"/>
</objects>
