<?xml version="1.0" encoding="UTF-8"?>
<objects serializationModel="Studio.01.10.00">
    <object class="Event" id="{9585bea8-8948-4803-a8db-6f18134a41a6}">
        <relationship name="selectables">
            <destination>{58b03c3e-cd65-4080-ac8c-2e9b21ecc22f}</destination>
        </relationship>
        <relationship name="uiLastParameterSelection">
            <destination>{dbd6e8d5-81bc-48b9-b2ed-42a12312448c}</destination>
        </relationship>
    </object>
    <object class="MasterTrack" id="{a871f5e1-9d92-4cfd-b70b-46df9a6ae7ac}"/>
    <object class="MixerInput" id="{58a17d6b-b598-419c-84a0-241547859085}"/>
    <object class="EventAutomatableProperties" id="{ae12517f-b9eb-432e-ba97-3ab56d3ff677}"/>
    <object class="MarkerTrack" id="{80938ef4-2305-4fe6-a0c5-ce494f91d393}"/>
    <object class="GroupTrack" id="{3fea2b8b-ba91-4264-b1d2-6388b7644663}"/>
    <object class="Timeline" id="{dbd6e8d5-81bc-48b9-b2ed-42a12312448c}">
        <property name="uiLastRulerScaleRatio">
            <value>0.02461033634126333</value>
        </property>
    </object>
    <object class="EventMixerMaster" id="{fba65b0a-06a2-4709-a853-c8dd256a6778}">
        <relationship name="input">
            <destination>{0573bfac-c60a-487a-b528-8a09d93d9895}</destination>
        </relationship>
    </object>
    <object class="MixerBusEffectChain" id="{e94c66e6-2523-4214-b25d-ddcf8078bdb0}"/>
    <object class="MixerBusPanner" id="{c8c55e14-c92f-4d50-9dd1-9468ee4c5eee}"/>
    <object class="SingleSound" id="{58b03c3e-cd65-4080-ac8c-2e9b21ecc22f}"/>
    <object class="EventMixerGroup" id="{0573bfac-c60a-487a-b528-8a09d93d9895}"/>
    <object class="MixerBusEffectChain" id="{8003f7b7-67b6-4c9d-8aba-04a4537ae586}"/>
    <object class="MixerBusPanner" id="{ea04bc3b-c8c4-42b9-9259-718b9900abca}"/>
    <object class="MixerBusFader" id="{3fca0864-1c78-4eec-a352-e260edd2f8dc}"/>
    <object class="MixerBusEffectChain" id="{4d0cb91a-373c-48e7-9cab-7ef0fbba32b2}"/>
    <object class="MixerBusPanner" id="{2bd6d975-5dd6-435f-92c8-db61f7e90d0b}"/>
    <object class="MixerBusFader" id="{49d8f826-46b6-4349-bcfc-20a71e146d27}"/>
    <object class="SpatialiserEffect" id="{838acefd-f959-4a16-add1-114d879844ca}"/>
    <object class="MixerBusFader" id="{a1da727f-0dfd-48e1-a6bf-41ac8230548b}"/>
</objects>
