<?xml version="1.0" encoding="UTF-8"?>
<objects serializationModel="Studio.01.10.00">
    <object class="Event" id="{bf915b4c-47ef-487a-90f5-36d6fa352d15}">
        <relationship name="uiLastParameterSelection">
            <destination>{a1bcf315-bd71-467b-badc-e0bd5c2ccbb9}</destination>
        </relationship>
    </object>
    <object class="MasterTrack" id="{146f691d-47ff-4e7e-a6f9-4aadf9b6a3e4}"/>
    <object class="MixerInput" id="{9f09c09d-7963-494c-866b-ed6ae1ae2994}"/>
    <object class="EventAutomatableProperties" id="{20e358df-c80f-483d-960e-4913dbcee2c5}"/>
    <object class="MarkerTrack" id="{754f5b2d-9d44-4778-b4cb-3978450af21e}"/>
    <object class="GroupTrack" id="{6f6d8e34-c5a9-4b0e-87e2-0742a83ca574}"/>
    <object class="Timeline" id="{a1bcf315-bd71-467b-badc-e0bd5c2ccbb9}">
        <property name="uiLastRulerScaleRatio">
            <value>0.02461033634126333</value>
        </property>
    </object>
    <object class="EventMixerMaster" id="{4b71cb47-cbc4-47e2-8c28-fe59506ce903}">
        <relationship name="input">
            <destination>{2a39efd7-d255-430e-bec5-5600afe694f1}</destination>
        </relationship>
    </object>
    <object class="MixerBusEffectChain" id="{5d4b7543-8ce9-4b0a-82d6-aa122e522549}"/>
    <object class="MixerBusPanner" id="{d7402ca3-321d-466a-bdee-54f926d376d9}"/>
    <object class="EventMixerGroup" id="{2a39efd7-d255-430e-bec5-5600afe694f1}"/>
    <object class="MixerBusEffectChain" id="{c2e810a2-4af9-4003-8a95-2eef4181811e}"/>
    <object class="MixerBusPanner" id="{2943d68f-4cd7-4a95-b3ed-a86006e7ff74}"/>
    <object class="MixerBusFader" id="{209c5fa5-99ee-45c8-83d6-5930ffb891d3}"/>
    <object class="MixerBusEffectChain" id="{45e73e62-f46b-4e98-853b-7a27b710a3ef}"/>
    <object class="MixerBusPanner" id="{46666eea-3f91-4b91-b6aa-d68a8513626d}"/>
    <object class="MixerBusFader" id="{78f8cda7-8682-4c3b-b9d3-d7972e355330}"/>
    <object class="SpatialiserEffect" id="{bb68d7e6-411a-42ee-97b4-54cfc1fc3edc}"/>
    <object class="MixerBusFader" id="{f69cf0dc-a47a-412d-bb7f-35336c852e90}"/>
</objects>
