<?xml version="1.0" encoding="UTF-8"?>
<objects serializationModel="Studio.01.10.00">
    <object class="Workspace" id="{bced031c-f4db-4399-94dc-d3500450b9ac}">
        <property name="builtBanksOutputDirectory">
            <value>../../../CosasProyectoDevildrake/ProyectoMedianteShaders/Assets/Resources/FModBuild</value>
        </property>
        <relationship name="masterEventFolder">
            <destination>{f68b5cb0-8b1e-48af-a0a8-756176852df9}</destination>
        </relationship>
        <relationship name="masterTagFolder">
            <destination>{c1605da8-89ea-4ccf-812e-079240c8f87f}</destination>
        </relationship>
        <relationship name="masterEffectPresetFolder">
            <destination>{aab3d281-2e3d-4f3d-bd8a-1567dd3f7413}</destination>
        </relationship>
        <relationship name="masterParameterPresetFolder">
            <destination>{ec6d15e5-6be9-4794-854a-304426a32285}</destination>
        </relationship>
        <relationship name="masterBankFolder">
            <destination>{2d2a7fb3-3cae-435a-bb38-96ef39802529}</destination>
        </relationship>
        <relationship name="masterAssetFolder">
            <destination>{e773a3f3-f870-4942-a30b-1e71c36b7691}</destination>
        </relationship>
        <relationship name="mixer">
            <destination>{560697ce-7967-405a-8949-7e82df73f745}</destination>
        </relationship>
        <relationship name="platforms">
            <destination>{10559b06-0a3a-48ff-b799-7e6e6968c9a7}</destination>
        </relationship>
    </object>
</objects>
