<?xml version="1.0" encoding="UTF-8"?>
<objects serializationModel="Studio.01.10.00">
    <object class="Event" id="{985d912f-01b6-445c-8f5b-fa67d022cce2}">
        <property name="name">
            <value>Bounce</value>
        </property>
        <property name="outputFormat">
            <value>2</value>
        </property>
        <relationship name="folder">
            <destination>{39331f7c-76ea-4849-b48a-772407aef530}</destination>
        </relationship>
        <relationship name="mixer">
            <destination>{5606efde-dcc6-4f05-a3c7-17fa19d8de4f}</destination>
        </relationship>
        <relationship name="masterTrack">
            <destination>{d82251e9-74a6-4887-aeec-1def4ae0c06f}</destination>
        </relationship>
        <relationship name="mixerInput">
            <destination>{6e767d1f-3f45-4e58-8504-fc11d10d6c2b}</destination>
        </relationship>
        <relationship name="automatableProperties">
            <destination>{93ea2758-44b6-4536-9cdb-df7cd9fac8d5}</destination>
        </relationship>
        <relationship name="markerTracks">
            <destination>{836fa43e-9e83-4b46-b0fa-f9c62f2244b5}</destination>
        </relationship>
        <relationship name="groupTracks">
            <destination>{d973b554-7ecf-4dc6-8fbc-b3017717ab97}</destination>
        </relationship>
        <relationship name="timeline">
            <destination>{1ed7cd2a-6200-4b3a-9a9f-d925e6c44ff9}</destination>
        </relationship>
        <relationship name="banks">
            <destination>{42eba887-ba81-4527-84af-551a03a52c15}</destination>
        </relationship>
    </object>
    <object class="EventMixer" id="{5606efde-dcc6-4f05-a3c7-17fa19d8de4f}">
        <relationship name="masterBus">
            <destination>{bb1e3ee8-9ca5-4e8e-98d9-b6e16af10035}</destination>
        </relationship>
    </object>
    <object class="MasterTrack" id="{d82251e9-74a6-4887-aeec-1def4ae0c06f}">
        <relationship name="mixerGroup">
            <destination>{bb1e3ee8-9ca5-4e8e-98d9-b6e16af10035}</destination>
        </relationship>
    </object>
    <object class="MixerInput" id="{6e767d1f-3f45-4e58-8504-fc11d10d6c2b}">
        <relationship name="effectChain">
            <destination>{5438ff0c-4eb7-4110-8650-4674ede5cbf8}</destination>
        </relationship>
        <relationship name="panner">
            <destination>{59bacc05-6480-4a7d-a95b-5d2b6e26d463}</destination>
        </relationship>
        <relationship name="output">
            <destination>{00344936-c672-4f0c-ae9e-6eeaba38f1fe}</destination>
        </relationship>
    </object>
    <object class="EventAutomatableProperties" id="{93ea2758-44b6-4536-9cdb-df7cd9fac8d5}"/>
    <object class="MarkerTrack" id="{836fa43e-9e83-4b46-b0fa-f9c62f2244b5}"/>
    <object class="GroupTrack" id="{d973b554-7ecf-4dc6-8fbc-b3017717ab97}">
        <relationship name="modules">
            <destination>{e40e4b7b-8c89-4203-b7a0-bc781c43fb6e}</destination>
        </relationship>
        <relationship name="mixerGroup">
            <destination>{6b07e7ef-f54e-4c2d-9b0a-b81a64d0e397}</destination>
        </relationship>
    </object>
    <object class="Timeline" id="{1ed7cd2a-6200-4b3a-9a9f-d925e6c44ff9}">
        <relationship name="modules">
            <destination>{e40e4b7b-8c89-4203-b7a0-bc781c43fb6e}</destination>
        </relationship>
    </object>
    <object class="EventMixerMaster" id="{bb1e3ee8-9ca5-4e8e-98d9-b6e16af10035}">
        <relationship name="effectChain">
            <destination>{e653811b-7809-4e73-9701-efb4ed9a413a}</destination>
        </relationship>
        <relationship name="panner">
            <destination>{f820b283-ff84-4fc5-8c46-36d7b3f8f0b1}</destination>
        </relationship>
        <relationship name="mixer">
            <destination>{5606efde-dcc6-4f05-a3c7-17fa19d8de4f}</destination>
        </relationship>
    </object>
    <object class="MixerBusEffectChain" id="{5438ff0c-4eb7-4110-8650-4674ede5cbf8}">
        <relationship name="effects">
            <destination>{97cad500-d1dc-4dce-bef4-22f59ecd31b3}</destination>
        </relationship>
    </object>
    <object class="MixerBusPanner" id="{59bacc05-6480-4a7d-a95b-5d2b6e26d463}"/>
    <object class="MultiSound" id="{e40e4b7b-8c89-4203-b7a0-bc781c43fb6e}">
        <property name="length">
            <value>0.53405895691609973</value>
        </property>
        <relationship name="sounds">
            <destination>{5bbac374-725a-49f5-81d4-87e8a3098ed1}</destination>
            <destination>{e0202d29-21a1-40ec-8cff-bfd3d7edc136}</destination>
            <destination>{51415d56-6647-4918-bc5c-ee6487c6cff8}</destination>
            <destination>{73369d84-9716-4a22-af25-a4c8a203087c}</destination>
        </relationship>
    </object>
    <object class="EventMixerGroup" id="{6b07e7ef-f54e-4c2d-9b0a-b81a64d0e397}">
        <property name="name">
            <value>Audio 1</value>
        </property>
        <relationship name="effectChain">
            <destination>{5b99d74f-b7d8-4979-aa6e-57d6eaa8d245}</destination>
        </relationship>
        <relationship name="panner">
            <destination>{f6d98f4e-0cec-48e2-8761-6e89b1012538}</destination>
        </relationship>
        <relationship name="output">
            <destination>{bb1e3ee8-9ca5-4e8e-98d9-b6e16af10035}</destination>
        </relationship>
    </object>
    <object class="MixerBusEffectChain" id="{e653811b-7809-4e73-9701-efb4ed9a413a}">
        <relationship name="effects">
            <destination>{79d907a0-b843-4d38-bded-4dd2a4f20dfd}</destination>
            <destination>{d2a18325-bdca-465e-9f94-1ce350e5ac0e}</destination>
        </relationship>
    </object>
    <object class="MixerBusPanner" id="{f820b283-ff84-4fc5-8c46-36d7b3f8f0b1}"/>
    <object class="MixerBusFader" id="{97cad500-d1dc-4dce-bef4-22f59ecd31b3}"/>
    <object class="SingleSound" id="{5bbac374-725a-49f5-81d4-87e8a3098ed1}">
        <relationship name="audioFile">
            <destination>{3fa66a04-7c42-47c2-a7a9-17981bec7b47}</destination>
        </relationship>
    </object>
    <object class="SingleSound" id="{e0202d29-21a1-40ec-8cff-bfd3d7edc136}">
        <relationship name="audioFile">
            <destination>{22419edf-8adf-499c-b036-8569363ffb70}</destination>
        </relationship>
    </object>
    <object class="SingleSound" id="{51415d56-6647-4918-bc5c-ee6487c6cff8}">
        <relationship name="audioFile">
            <destination>{054c51d3-a0d2-4280-bb2b-6842076dc2a2}</destination>
        </relationship>
    </object>
    <object class="SingleSound" id="{73369d84-9716-4a22-af25-a4c8a203087c}">
        <relationship name="audioFile">
            <destination>{97a86737-a231-49b4-8a0e-177fb32cbdd9}</destination>
        </relationship>
    </object>
    <object class="MixerBusEffectChain" id="{5b99d74f-b7d8-4979-aa6e-57d6eaa8d245}">
        <relationship name="effects">
            <destination>{e94ab955-e830-4a8f-9994-5756c191bfaa}</destination>
        </relationship>
    </object>
    <object class="MixerBusPanner" id="{f6d98f4e-0cec-48e2-8761-6e89b1012538}"/>
    <object class="MixerBusFader" id="{79d907a0-b843-4d38-bded-4dd2a4f20dfd}"/>
    <object class="SpatialiserEffect" id="{d2a18325-bdca-465e-9f94-1ce350e5ac0e}"/>
    <object class="MixerBusFader" id="{e94ab955-e830-4a8f-9994-5756c191bfaa}"/>
</objects>
