<?xml version="1.0" encoding="UTF-8"?>
<objects serializationModel="Studio.01.10.00">
    <object class="Event" id="{2226a17a-2e52-4a3d-9d0e-f91015938e1c}">
        <relationship name="uiLastParameterSelection">
            <destination>{8bb3802e-f0a5-4909-9333-02b3feeb47e7}</destination>
        </relationship>
    </object>
    <object class="MasterTrack" id="{08c68331-c0fc-4623-bf09-958ea6416403}"/>
    <object class="MixerInput" id="{6de6456d-7225-4c62-9d7c-50ba3920c5b2}"/>
    <object class="EventAutomatableProperties" id="{7166eb32-f4f9-450e-8937-a76a0cc31f36}"/>
    <object class="MarkerTrack" id="{0e748cb5-0343-42f1-98ca-d104416dfbbc}"/>
    <object class="GroupTrack" id="{d331e746-f54a-4cc5-a8f8-469a7e45e6c4}"/>
    <object class="Timeline" id="{8bb3802e-f0a5-4909-9333-02b3feeb47e7}">
        <property name="uiLastRulerScaleRatio">
            <value>7.9322294955718118e-05</value>
        </property>
    </object>
    <object class="EventMixerMaster" id="{c2ee8c8f-bfd0-4784-a629-550f6ecf4dd0}">
        <relationship name="input">
            <destination>{5b1c33a6-4867-4d02-8b52-71c5304a32e4}</destination>
        </relationship>
    </object>
    <object class="MixerBusEffectChain" id="{e625adf2-20a5-4048-9578-a281864f6fab}"/>
    <object class="MixerBusPanner" id="{02054d8c-c66e-4bb9-abd2-2fd4be4dc287}"/>
    <object class="MultiSound" id="{0d7c76c2-c0e2-41e1-b77a-afc6bf3c9322}"/>
    <object class="EventMixerGroup" id="{5b1c33a6-4867-4d02-8b52-71c5304a32e4}"/>
    <object class="MixerBusEffectChain" id="{72955615-9431-4e68-b47a-7b33d4a3b279}"/>
    <object class="MixerBusPanner" id="{5a4dfeb8-5358-4d60-8cd4-d1676ad11191}"/>
    <object class="MixerBusFader" id="{63f68000-74ba-4616-82cc-46580dbc9a19}"/>
    <object class="SingleSound" id="{3c04dc77-f1b7-438a-be1c-f434947cc28b}"/>
    <object class="SingleSound" id="{107c360b-d858-41f6-8f58-3d6183ba5544}"/>
    <object class="SingleSound" id="{6b9edeac-a9e4-4f3c-82a8-64aec49be1ff}"/>
    <object class="SingleSound" id="{afbbc92a-bfb8-45a3-9443-f47555955944}"/>
    <object class="SingleSound" id="{1a7754b3-1b96-4479-aa9d-214e4e594595}"/>
    <object class="SingleSound" id="{755747fd-a1ef-4184-a701-3c5ddbef1e56}"/>
    <object class="SingleSound" id="{5a9e6a05-2c4f-45bf-aefe-3494b85184cd}"/>
    <object class="SingleSound" id="{4a19bf95-b00c-49fa-af12-dc19312ee7a9}"/>
    <object class="MixerBusEffectChain" id="{ab017910-8049-47bd-837b-d0fb30113b9e}"/>
    <object class="MixerBusPanner" id="{7bbbea42-e1f0-4f61-8bc1-5c0710d1ccb4}"/>
    <object class="MixerBusFader" id="{8a087f45-32d0-4ca0-85d2-5bba585e69b5}"/>
    <object class="SpatialiserEffect" id="{8574cfb0-8a20-4f96-aaa0-d3d7ed7a1815}"/>
    <object class="MixerBusFader" id="{7fff6604-55e7-4500-b3ab-db66d7c266ee}"/>
</objects>
