<?xml version="1.0" encoding="UTF-8"?>
<objects serializationModel="Studio.01.10.00">
    <object class="Event" id="{316915eb-5822-4bb5-a577-9f0ad884a375}">
        <relationship name="selectables">
            <destination>{35c1e53a-35ea-42f7-9c2f-e7d43760653d}</destination>
        </relationship>
        <relationship name="uiLastParameterSelection">
            <destination>{000d2a7b-d575-434f-910b-916b984ef3d4}</destination>
        </relationship>
    </object>
    <object class="MasterTrack" id="{e03e2298-52a3-4e27-9ba9-260836becfd5}"/>
    <object class="MixerInput" id="{b73f9c71-848f-4a86-b688-99d072235a69}"/>
    <object class="EventAutomatableProperties" id="{0ec64d03-4ca7-4a7e-850e-299de202f809}"/>
    <object class="MarkerTrack" id="{fbe0a54e-4e41-465c-a857-d292d2518dee}"/>
    <object class="GroupTrack" id="{ce601a1e-79e8-4ec2-87e7-541be420210d}"/>
    <object class="Timeline" id="{000d2a7b-d575-434f-910b-916b984ef3d4}">
        <property name="uiLastRulerScaleRatio">
            <value>0.00069002695417789755</value>
        </property>
    </object>
    <object class="EventMixerMaster" id="{67dbaffe-6deb-4317-afdc-5767017c49c2}">
        <relationship name="input">
            <destination>{c9ac4330-2857-4451-a529-fa370ecac75d}</destination>
        </relationship>
    </object>
    <object class="MixerBusEffectChain" id="{1fc5969d-9506-448d-b753-d0c3d4142b3b}"/>
    <object class="MixerBusPanner" id="{daf21fe9-b590-4016-91e5-21f2573c7df3}"/>
    <object class="MultiSound" id="{35c1e53a-35ea-42f7-9c2f-e7d43760653d}"/>
    <object class="EventMixerGroup" id="{c9ac4330-2857-4451-a529-fa370ecac75d}"/>
    <object class="MixerBusEffectChain" id="{8f452597-ee9e-4688-ba8f-291a243578c8}"/>
    <object class="MixerBusPanner" id="{6dee8206-3d66-4383-a08a-9d2c1aeebae4}"/>
    <object class="MixerBusFader" id="{80fe4c93-248f-4713-b95f-9fcb13ef2e3e}"/>
    <object class="SingleSound" id="{83fed4d0-4acb-45ce-badc-c3c7f4670884}"/>
    <object class="SingleSound" id="{829d1b1c-56ba-4990-b2e5-b81e9584a49d}"/>
    <object class="SingleSound" id="{b424d1d4-74ba-4a74-94cf-45ed50dc826d}"/>
    <object class="SingleSound" id="{a34b450c-df63-4c1c-9387-88d030683198}"/>
    <object class="SingleSound" id="{648a4ba8-cb8f-4e92-ab5e-fd8122e104e2}"/>
    <object class="SingleSound" id="{68ebc3aa-6ea1-45e1-b664-c9dc29bb9f89}"/>
    <object class="SingleSound" id="{4c0b91c4-3076-4331-aed5-e45fbb5349dd}"/>
    <object class="SingleSound" id="{8ba3b560-8073-43e9-8ce2-1ae7db48bd8e}"/>
    <object class="MixerBusEffectChain" id="{ff919bed-2f02-4e67-999f-0af4735cbbc7}"/>
    <object class="MixerBusPanner" id="{afe7567f-42ea-46f6-bad0-db879a31a7c4}"/>
    <object class="MixerBusFader" id="{bd4be63a-e174-41dd-b1ae-168d8fe185cd}"/>
    <object class="MixerBusFader" id="{80214d7c-4cdd-4e8e-b5e7-3fffd8d80172}"/>
</objects>
