<?xml version="1.0" encoding="UTF-8"?>
<objects serializationModel="Studio.01.10.00">
    <object class="Event" id="{557ec0e1-06f6-439e-99ab-8c89e9231f52}">
        <relationship name="selectables">
            <destination>{450a1271-0d06-42e7-904c-59155516586f}</destination>
        </relationship>
        <relationship name="uiLastParameterSelection">
            <destination>{fbffe155-e5c7-4583-b826-d8d8b3844273}</destination>
        </relationship>
    </object>
    <object class="MasterTrack" id="{b49c7b39-c5c1-4e05-8e8c-f8e569070716}"/>
    <object class="MixerInput" id="{7d1e65c0-26a3-4bd9-973e-9615ed858335}"/>
    <object class="EventAutomatableProperties" id="{f66d489e-3f5e-415b-8d85-38d2f3b62af8}"/>
    <object class="MarkerTrack" id="{59044c92-b67b-46c7-9122-cf5b1c18d739}"/>
    <object class="GroupTrack" id="{a14a9aea-8b7d-4544-bf1d-08bf070e59fb}"/>
    <object class="Timeline" id="{fbffe155-e5c7-4583-b826-d8d8b3844273}">
        <property name="uiLastRulerScaleRatio">
            <value>0.00078860223334616857</value>
        </property>
    </object>
    <object class="EventMixerMaster" id="{1afafed6-1517-45ba-b24e-434b2185e1bb}">
        <relationship name="input">
            <destination>{f0017832-7e64-4f24-96b8-85d7a63c45a6}</destination>
        </relationship>
    </object>
    <object class="MixerBusEffectChain" id="{c917a0f2-7db6-4984-b53b-5d04c5218f1d}"/>
    <object class="MixerBusPanner" id="{2ef7aa9c-9e9d-4b65-8177-555bf952bd6c}"/>
    <object class="MultiSound" id="{450a1271-0d06-42e7-904c-59155516586f}"/>
    <object class="EventMixerGroup" id="{f0017832-7e64-4f24-96b8-85d7a63c45a6}"/>
    <object class="MixerBusEffectChain" id="{305f3060-db3c-4ed7-bdc8-ddeea6e83d0b}"/>
    <object class="MixerBusPanner" id="{aa27eea7-5ba9-4d4c-866c-2697e3d91f34}"/>
    <object class="MixerBusFader" id="{604de078-363a-40aa-9ae8-9d9fa4c5afc6}"/>
    <object class="SingleSound" id="{75d0793e-b8cd-4c25-8cfd-05f4e8e9df7a}"/>
    <object class="SingleSound" id="{bb8606ca-4781-4911-9e7d-b2641cd9d59e}"/>
    <object class="SingleSound" id="{6947e5fc-7a09-460f-a01a-75c4429580e9}"/>
    <object class="SingleSound" id="{4efd3beb-0024-49e6-8f12-25b39282195e}"/>
    <object class="SingleSound" id="{3108c456-4fc3-444e-8762-74bbcdaacd95}"/>
    <object class="SingleSound" id="{fc522c76-e7f8-44c4-b70e-8dc55e8723d5}"/>
    <object class="SingleSound" id="{eed799cb-7880-4795-89bb-623b29455ccf}"/>
    <object class="SingleSound" id="{87373e3a-c13b-4d8f-ac0f-71fcb8f8232a}"/>
    <object class="MixerBusEffectChain" id="{0ef40e06-0a4b-4af5-91d9-8ed172515072}"/>
    <object class="MixerBusPanner" id="{49dd9d92-7be8-430c-8cf6-46168d9798f6}"/>
    <object class="MixerBusFader" id="{9010895c-1dd5-43a3-bcc3-88e9e46c1fec}"/>
    <object class="MixerBusFader" id="{72ed92a3-c45b-43de-9313-d4f679d417f2}"/>
</objects>
