<?xml version="1.0" encoding="UTF-8"?>
<objects serializationModel="Studio.01.10.00">
    <object class="Event" id="{5e81f52c-1087-4a7b-a9bb-da2ebc11e748}">
        <relationship name="uiLastParameterSelection">
            <destination>{b937dc5c-f48b-423b-b1c3-b1192434ea6c}</destination>
        </relationship>
    </object>
    <object class="MasterTrack" id="{6e08f122-c4d9-4060-bbd8-686abbcb3c09}"/>
    <object class="MixerInput" id="{47490f49-358a-45b5-81bf-32820c6f87cb}"/>
    <object class="EventAutomatableProperties" id="{7e60fe8c-a686-452b-9529-3357eab9dc88}"/>
    <object class="MarkerTrack" id="{e4c2d728-3727-49c0-8408-e556c81c734d}"/>
    <object class="GroupTrack" id="{02bf3900-afaa-4685-88b7-d5381ae68715}"/>
    <object class="Timeline" id="{b937dc5c-f48b-423b-b1c3-b1192434ea6c}">
        <property name="uiLastRulerScaleRatio">
            <value>7.9322294955718118e-05</value>
        </property>
    </object>
    <object class="EventMixerMaster" id="{58a8b7d1-df02-4aaf-a040-0ceaace53d0f}">
        <relationship name="input">
            <destination>{71aad183-7692-4cef-b5f5-a1cac2c2dbb7}</destination>
        </relationship>
    </object>
    <object class="MixerBusEffectChain" id="{d538ca50-1688-421c-9ab1-9973151924c7}"/>
    <object class="MixerBusPanner" id="{8ae53994-0008-4c37-ae71-bb4eec1fec9d}"/>
    <object class="MultiSound" id="{738cc7ee-3ca1-4329-8eae-da2b805390af}"/>
    <object class="EventMixerGroup" id="{71aad183-7692-4cef-b5f5-a1cac2c2dbb7}"/>
    <object class="MixerBusEffectChain" id="{7289a1aa-6282-47f9-8eeb-d7e25268d440}"/>
    <object class="MixerBusPanner" id="{3a65217a-de59-4ffd-9df5-51f1e0a0a3d1}"/>
    <object class="MixerBusFader" id="{fe433c34-f0e2-429b-a18e-d23aebf27d07}"/>
    <object class="SingleSound" id="{6c04e1e4-7df7-4b89-b3b4-c6cd0c2a0a70}"/>
    <object class="SingleSound" id="{45a5af12-4684-49d9-aeec-7fb25288fad5}"/>
    <object class="SingleSound" id="{f424f38f-e8bf-4716-910d-76c2f35995e2}"/>
    <object class="SingleSound" id="{2a03c019-a882-447a-9e02-710aa01ea0cf}"/>
    <object class="SingleSound" id="{18ccc86b-4f9d-47f2-828a-b43903a43f6d}"/>
    <object class="SingleSound" id="{1779cdb9-0a28-43b5-b12b-e42d82aedc4c}"/>
    <object class="SingleSound" id="{4030e16d-07f2-41e9-a73c-79ebe05c747f}"/>
    <object class="SingleSound" id="{0b26015c-9a8c-4478-8c16-dbea93288e4d}"/>
    <object class="MixerBusEffectChain" id="{57519396-035f-4306-a42a-b737403adcc9}"/>
    <object class="MixerBusPanner" id="{4f95d539-ae78-45e6-b164-3255b06c6be6}"/>
    <object class="MixerBusFader" id="{ecf72e49-b8da-45c4-bd94-2b69727b9108}"/>
    <object class="SpatialiserEffect" id="{f2b7a354-b84c-422e-8331-30e960c7ec3b}"/>
    <object class="MixerBusFader" id="{6a560170-1b5f-4e4b-bd88-0133f4e6b822}"/>
</objects>
