<?xml version="1.0" encoding="UTF-8"?>
<objects serializationModel="Studio.01.10.00">
    <object class="Event" id="{985d912f-01b6-445c-8f5b-fa67d022cce2}">
        <relationship name="uiLastParameterSelection">
            <destination>{1ed7cd2a-6200-4b3a-9a9f-d925e6c44ff9}</destination>
        </relationship>
    </object>
    <object class="MasterTrack" id="{d82251e9-74a6-4887-aeec-1def4ae0c06f}"/>
    <object class="MixerInput" id="{6e767d1f-3f45-4e58-8504-fc11d10d6c2b}"/>
    <object class="EventAutomatableProperties" id="{93ea2758-44b6-4536-9cdb-df7cd9fac8d5}"/>
    <object class="MarkerTrack" id="{836fa43e-9e83-4b46-b0fa-f9c62f2244b5}"/>
    <object class="GroupTrack" id="{d973b554-7ecf-4dc6-8fbc-b3017717ab97}"/>
    <object class="Timeline" id="{1ed7cd2a-6200-4b3a-9a9f-d925e6c44ff9}">
        <property name="uiLastRulerScaleRatio">
            <value>0.00050382920463782981</value>
        </property>
    </object>
    <object class="EventMixerMaster" id="{bb1e3ee8-9ca5-4e8e-98d9-b6e16af10035}">
        <relationship name="input">
            <destination>{6b07e7ef-f54e-4c2d-9b0a-b81a64d0e397}</destination>
        </relationship>
    </object>
    <object class="MixerBusEffectChain" id="{5438ff0c-4eb7-4110-8650-4674ede5cbf8}"/>
    <object class="MixerBusPanner" id="{59bacc05-6480-4a7d-a95b-5d2b6e26d463}"/>
    <object class="MultiSound" id="{e40e4b7b-8c89-4203-b7a0-bc781c43fb6e}"/>
    <object class="EventMixerGroup" id="{6b07e7ef-f54e-4c2d-9b0a-b81a64d0e397}"/>
    <object class="MixerBusEffectChain" id="{e653811b-7809-4e73-9701-efb4ed9a413a}"/>
    <object class="MixerBusPanner" id="{f820b283-ff84-4fc5-8c46-36d7b3f8f0b1}"/>
    <object class="MixerBusFader" id="{97cad500-d1dc-4dce-bef4-22f59ecd31b3}"/>
    <object class="SingleSound" id="{5bbac374-725a-49f5-81d4-87e8a3098ed1}"/>
    <object class="SingleSound" id="{e0202d29-21a1-40ec-8cff-bfd3d7edc136}"/>
    <object class="SingleSound" id="{51415d56-6647-4918-bc5c-ee6487c6cff8}"/>
    <object class="SingleSound" id="{73369d84-9716-4a22-af25-a4c8a203087c}"/>
    <object class="MixerBusEffectChain" id="{5b99d74f-b7d8-4979-aa6e-57d6eaa8d245}"/>
    <object class="MixerBusPanner" id="{f6d98f4e-0cec-48e2-8761-6e89b1012538}"/>
    <object class="MixerBusFader" id="{79d907a0-b843-4d38-bded-4dd2a4f20dfd}"/>
    <object class="SpatialiserEffect" id="{d2a18325-bdca-465e-9f94-1ce350e5ac0e}"/>
    <object class="MixerBusFader" id="{e94ab955-e830-4a8f-9994-5756c191bfaa}"/>
</objects>
