<?xml version="1.0" encoding="UTF-8"?>
<objects serializationModel="Studio.01.10.00">
    <object class="Event" id="{a1278d6d-6e71-4903-b908-7f1b9c788881}">
        <relationship name="uiLastParameterSelection">
            <destination>{478941c9-e8cb-485e-87b3-e60e59205bd2}</destination>
        </relationship>
    </object>
    <object class="MasterTrack" id="{e979e760-15b9-4dda-8cdd-36f876c7511c}"/>
    <object class="MixerInput" id="{8c20fd1f-ff94-4c88-bf3c-0c58a75b2f69}"/>
    <object class="EventAutomatableProperties" id="{421d608e-29f4-4d10-b73b-fac1e177ce3a}"/>
    <object class="MarkerTrack" id="{48d306dd-1639-41c0-9643-b32c5ab3b81d}"/>
    <object class="GroupTrack" id="{eb051c8c-127a-4ba3-b61b-41db2e32ffc6}"/>
    <object class="Timeline" id="{478941c9-e8cb-485e-87b3-e60e59205bd2}">
        <property name="uiLastRulerScaleRatio">
            <value>0.0038170538655713858</value>
        </property>
    </object>
    <object class="EventMixerMaster" id="{278df156-9af4-4f57-a9b1-7a550eeacbc7}">
        <relationship name="input">
            <destination>{66ec2449-1bfc-4141-a5e5-d46722c5191a}</destination>
        </relationship>
    </object>
    <object class="MixerBusEffectChain" id="{7423a2c5-fa93-4471-91dd-d557ddb034cd}"/>
    <object class="MixerBusPanner" id="{8aee6819-4a34-4532-8b84-48524ce80b8f}"/>
    <object class="SingleSound" id="{8f38362f-2383-4813-81f4-0c3285268938}"/>
    <object class="EventMixerGroup" id="{66ec2449-1bfc-4141-a5e5-d46722c5191a}"/>
    <object class="LoopRegion" id="{7161ffbe-3803-4b8a-a170-6665bd41e7f6}"/>
    <object class="MixerBusEffectChain" id="{b4f57540-6249-4075-8e3f-6a4d1b187565}"/>
    <object class="MixerBusPanner" id="{b905a99c-e49e-45e3-8882-db4e7024b432}"/>
    <object class="MixerBusFader" id="{6184569e-222a-4d95-a821-66683803f3ae}"/>
    <object class="MixerBusEffectChain" id="{72c1fe2e-2e55-4305-8a13-5d7b0ba43a14}"/>
    <object class="MixerBusPanner" id="{ca3050d1-f15a-4495-966b-35478082abc3}"/>
    <object class="MixerBusFader" id="{16cba2bb-f360-4189-8762-6f11d9db5944}"/>
    <object class="MixerBusFader" id="{f1223ce3-48f7-4faa-8831-cd7266815a2e}"/>
</objects>
