<?xml version="1.0" encoding="UTF-8"?>
<objects serializationModel="Studio.01.10.00">
    <object class="Event" id="{b77134f1-5f36-4757-aa74-bee577cb6c11}">
        <relationship name="selectables">
            <destination>{46abde0f-bbc3-4c1d-8523-e12cde322028}</destination>
        </relationship>
        <relationship name="uiLastParameterSelection">
            <destination>{d93a4a8c-414d-4080-bb09-87d3d9672591}</destination>
        </relationship>
    </object>
    <object class="MasterTrack" id="{b1bb4db7-db57-4f75-9516-1c3533ed47dc}"/>
    <object class="MixerInput" id="{c01d6168-6460-4a2b-9741-1bb44eebae60}"/>
    <object class="EventAutomatableProperties" id="{b45970d0-c46f-4289-a6f9-fada7d43db0c}"/>
    <object class="MarkerTrack" id="{3fe03a52-bb0e-4aa4-b965-42b1bb3ef0e6}"/>
    <object class="GroupTrack" id="{e67d8286-7ea5-49f5-b469-8e3e6cbeb98d}"/>
    <object class="Timeline" id="{d93a4a8c-414d-4080-bb09-87d3d9672591}">
        <property name="uiLastRulerScaleRatio">
            <value>0.00069413425747657544</value>
        </property>
    </object>
    <object class="EventMixerMaster" id="{44160c80-63a3-4fbd-b6f4-9e14c450229b}">
        <relationship name="input">
            <destination>{b955d724-2b04-4853-b5a5-46e4d687228b}</destination>
        </relationship>
    </object>
    <object class="MixerBusEffectChain" id="{01a3f37b-bc60-4b4d-83ef-9593fdfcdb7f}"/>
    <object class="MixerBusPanner" id="{e7dab23e-dcc3-473c-9a55-7acf757376c2}"/>
    <object class="MultiSound" id="{46abde0f-bbc3-4c1d-8523-e12cde322028}"/>
    <object class="EventMixerGroup" id="{b955d724-2b04-4853-b5a5-46e4d687228b}"/>
    <object class="MixerBusEffectChain" id="{0bd57db0-c086-4196-9524-0e15791ff6d2}"/>
    <object class="MixerBusPanner" id="{ac700800-3c40-432d-9ace-c3b95910d217}"/>
    <object class="MixerBusFader" id="{629b827f-44c0-42af-9c21-7d648a1a802e}"/>
    <object class="SingleSound" id="{034cb794-491c-47e4-af42-5459e271401b}"/>
    <object class="SingleSound" id="{8b643b11-5ded-41fc-a5be-e661f624e62f}"/>
    <object class="SingleSound" id="{e04ce150-40a4-4001-88e8-2bbdd3192363}"/>
    <object class="SingleSound" id="{98f7243d-77cd-4472-9d84-b791d0f62b59}"/>
    <object class="SingleSound" id="{ce69fa65-2a2b-4248-9c0e-330cf173d022}"/>
    <object class="SingleSound" id="{d7e190e8-afe2-4c40-aa86-040fa1f37801}"/>
    <object class="SingleSound" id="{476e6038-7bc1-44e3-931e-57932558c99c}"/>
    <object class="SingleSound" id="{06221076-f35a-4d2b-875d-15f4b1143faf}"/>
    <object class="SingleSound" id="{bb4baf01-befe-481b-b8cb-90e712288bbb}"/>
    <object class="SingleSound" id="{a9cc7b35-054a-4852-b859-456b881b2a2e}"/>
    <object class="SingleSound" id="{89d29ed9-0828-45a8-a190-8504b3d7a0f3}"/>
    <object class="SingleSound" id="{6329ed29-50ff-428f-9e94-6fde2fbddd4d}"/>
    <object class="SingleSound" id="{46f6b28f-0373-42ec-83b3-f64a46c9a191}"/>
    <object class="SingleSound" id="{f389ea44-889d-4e36-a241-ecbf6f56f998}"/>
    <object class="SingleSound" id="{c150be5f-8b2a-4ddc-b0e1-4a7d7823b451}"/>
    <object class="SingleSound" id="{a9656530-6d59-4753-bfca-12c28acee6f3}"/>
    <object class="SingleSound" id="{ee3dabcd-5a9d-4242-8627-09c649de9995}"/>
    <object class="SingleSound" id="{ffe753c0-10f4-4ec6-9c9e-28c5b56e1a19}"/>
    <object class="SingleSound" id="{2b884a77-a51f-4455-ba39-c1d9805f5b22}"/>
    <object class="SingleSound" id="{c5d0f613-efa8-4a8a-a00a-5c1f6668b11b}"/>
    <object class="SingleSound" id="{c3e96cb5-f43b-4c33-88d6-4fb7fc245763}"/>
    <object class="SingleSound" id="{47779aca-ca69-4971-8b98-a4643934e35d}"/>
    <object class="MixerBusEffectChain" id="{82191d03-c38e-4d8b-a8e4-1d2c86782b74}"/>
    <object class="MixerBusPanner" id="{b6a9b62d-9b0f-4b13-98e5-d3e377979c5d}"/>
    <object class="MixerBusFader" id="{01cc27a7-58d7-4070-a2f8-ccb41103a1c6}"/>
    <object class="MixerBusFader" id="{1fe51752-d1d1-47ca-93e0-ae57d940b7f1}"/>
</objects>
