<?xml version="1.0" encoding="UTF-8"?>
<objects serializationModel="Studio.01.10.00">
    <object class="Event" id="{cef49a62-319d-4628-8dda-3752cceeccb0}">
        <relationship name="uiLastParameterSelection">
            <destination>{ce531373-c9bb-4804-9851-1990a767dd42}</destination>
        </relationship>
    </object>
    <object class="MasterTrack" id="{7a4cfe38-afc0-423c-ab9c-81780d2bec51}"/>
    <object class="MixerInput" id="{a5af6d3a-c963-4651-b00c-c74fb25720a7}"/>
    <object class="EventAutomatableProperties" id="{1e5151f1-0bb2-48c6-afe8-251f369238cd}"/>
    <object class="MarkerTrack" id="{c78efd77-3cf0-4d89-a8f3-5101a83d3512}"/>
    <object class="GroupTrack" id="{1593f92b-4813-4b87-971f-ec2c83b6384f}"/>
    <object class="Timeline" id="{ce531373-c9bb-4804-9851-1990a767dd42}">
        <property name="uiLastRulerScaleRatio">
            <value>0.02461033634126333</value>
        </property>
    </object>
    <object class="EventMixerMaster" id="{3bc37b5c-4ab9-4dd4-8f22-5e989ae79c28}">
        <relationship name="input">
            <destination>{c414608c-aff2-458f-b46d-f787147534e5}</destination>
        </relationship>
    </object>
    <object class="MixerBusEffectChain" id="{f37be6a7-481f-4b04-afe4-0f54da3ebd89}"/>
    <object class="MixerBusPanner" id="{af1f0a4e-8326-4265-8fc5-49a2e63ef2a3}"/>
    <object class="EventMixerGroup" id="{c414608c-aff2-458f-b46d-f787147534e5}"/>
    <object class="MixerBusEffectChain" id="{81b94844-c466-48d2-80b0-0bf0d368c94d}"/>
    <object class="MixerBusPanner" id="{4b8ec3ca-7111-474b-b0f5-0f9668b6abcb}"/>
    <object class="MixerBusFader" id="{57a94234-ccb9-4547-98e1-f93f192651a4}"/>
    <object class="MixerBusEffectChain" id="{3bab4e57-eebd-4114-b340-4e95e55ef835}"/>
    <object class="MixerBusPanner" id="{f648839c-2a70-47fe-b0e4-89ce83b9aaeb}"/>
    <object class="MixerBusFader" id="{baf10154-fc54-4713-aa5f-57c1ca6217cf}"/>
    <object class="MixerBusFader" id="{5da93491-3bc4-4178-85d8-3a4939233fe4}"/>
</objects>
