<?xml version="1.0" encoding="UTF-8"?>
<objects serializationModel="Studio.01.10.00">
    <object class="Event" id="{e945420e-5f73-4213-ad4f-e8c0ab95ef1b}">
        <relationship name="uiLastParameterSelection">
            <destination>{9b8c2e84-3d07-4f7e-8a9e-84dd32e505af}</destination>
        </relationship>
    </object>
    <object class="MasterTrack" id="{518abd8f-1101-4fe5-8976-ad209c03d45f}"/>
    <object class="MixerInput" id="{5aac9aa9-a250-4420-8e35-3c4e6c86dca7}"/>
    <object class="EventAutomatableProperties" id="{22bd00fb-8fcc-43f1-89f5-53955f4ecc56}"/>
    <object class="MarkerTrack" id="{fe2c11ed-2ac1-40d4-909a-1dbc5dca2562}"/>
    <object class="GroupTrack" id="{a4c643bc-6270-4bc4-aaad-8423dbca433e}"/>
    <object class="Timeline" id="{9b8c2e84-3d07-4f7e-8a9e-84dd32e505af}">
        <property name="uiLastRulerScaleRatio">
            <value>0.02461033634126333</value>
        </property>
    </object>
    <object class="EventMixerMaster" id="{f5f24b2b-4b92-4d9e-b4ba-59741ebdf733}">
        <relationship name="input">
            <destination>{c328a6e2-e1e8-4497-84bb-778c4503354f}</destination>
        </relationship>
    </object>
    <object class="MixerBusEffectChain" id="{08f4ac8a-2090-4459-b8fd-09d22f7f2e33}"/>
    <object class="MixerBusPanner" id="{06f06a15-3a26-41d1-afc8-45cb7fbcdbde}"/>
    <object class="EventMixerGroup" id="{c328a6e2-e1e8-4497-84bb-778c4503354f}"/>
    <object class="MixerBusEffectChain" id="{767770d3-3c22-401a-a45a-8526b33be6cf}"/>
    <object class="MixerBusPanner" id="{dd7ab091-0265-45a6-b4be-6312978e418d}"/>
    <object class="MixerBusFader" id="{cfea3f34-94ac-4f19-ad7b-306b856ccd34}"/>
    <object class="MixerBusEffectChain" id="{3daa490f-2c4d-47a3-b8e2-c6fb50c27aa8}"/>
    <object class="MixerBusPanner" id="{d74d418b-f903-4f78-b732-525b02d9fb48}"/>
    <object class="MixerBusFader" id="{fc282692-9417-441e-a97d-2106aa12d493}"/>
    <object class="MixerBusFader" id="{c9968e07-af76-4b2a-9819-baab028aff45}"/>
</objects>
