<?xml version="1.0" encoding="UTF-8"?>
<objects serializationModel="Studio.01.10.00">
    <object class="Event" id="{f9be344f-65ce-48b3-9116-8648e74e4cb6}">
        <relationship name="uiLastParameterSelection">
            <destination>{8fe18a76-de7d-4cdd-a175-5ef2dadaff6a}</destination>
        </relationship>
    </object>
    <object class="MasterTrack" id="{8008e891-70f6-4ae8-8d92-5edd08a3a714}"/>
    <object class="MixerInput" id="{7e668c8b-51e2-42cc-99ad-91f5cd60b14b}"/>
    <object class="EventAutomatableProperties" id="{2d3aa951-c2b4-4772-b0cb-84e03eb5ce07}"/>
    <object class="MarkerTrack" id="{4c07cdba-9cc3-4ba6-8057-004ec04a32b3}"/>
    <object class="GroupTrack" id="{3a39eb76-afc7-467a-b85a-75bf060bfb07}"/>
    <object class="Timeline" id="{8fe18a76-de7d-4cdd-a175-5ef2dadaff6a}">
        <property name="uiLastRulerScaleRatio">
            <value>0.00077764942454969406</value>
        </property>
    </object>
    <object class="EventMixerMaster" id="{51ab4407-5d07-4634-965a-fe2597fee6e8}">
        <relationship name="input">
            <destination>{e5b06e86-e097-4d83-aa0f-eece271232b3}</destination>
        </relationship>
    </object>
    <object class="MixerBusEffectChain" id="{95c765d5-69b7-475a-8116-01381b1967de}"/>
    <object class="MixerBusPanner" id="{c663b29d-cb02-493b-85fe-ae72305546cd}"/>
    <object class="MultiSound" id="{f40c82ab-d05c-4c21-9690-3da61a9f9c47}"/>
    <object class="EventMixerGroup" id="{e5b06e86-e097-4d83-aa0f-eece271232b3}"/>
    <object class="MixerBusEffectChain" id="{dad55d62-b15e-4a79-bc13-0ab3ec7aeef1}"/>
    <object class="MixerBusPanner" id="{ba8714d5-c033-4c2f-b7d0-4c36bb638abb}"/>
    <object class="MixerBusFader" id="{5fe4add5-27c3-4540-839a-d42566f19c56}"/>
    <object class="SingleSound" id="{dc6abf40-8461-411d-b4b7-a89ef7f6031f}"/>
    <object class="SingleSound" id="{5f792e66-c74d-41e9-a068-66498cbc17aa}"/>
    <object class="SingleSound" id="{4324bb82-7f55-4cc0-a233-491f49fb1797}"/>
    <object class="SingleSound" id="{c63afa23-f0f6-4c19-a445-5b961f3a3c44}"/>
    <object class="SingleSound" id="{3a1869c0-c389-4043-bbc1-f8161a7316eb}"/>
    <object class="SingleSound" id="{95be2798-3f31-45ff-a650-792e9e3b53bb}"/>
    <object class="SingleSound" id="{722bab71-5024-4582-9fb1-797e022dbb52}"/>
    <object class="SingleSound" id="{4292d784-2833-4bc7-89a0-15e68de7b69d}"/>
    <object class="SingleSound" id="{d9a8aa7c-8fbb-4d1a-a883-32e739fe767b}"/>
    <object class="SingleSound" id="{01f6adbb-4174-457b-b94b-8f5931d16859}"/>
    <object class="SingleSound" id="{63b46747-d875-4e8e-a494-48123a59f831}"/>
    <object class="SingleSound" id="{20105b43-0adf-46dc-9ffa-9ca945cff33d}"/>
    <object class="SingleSound" id="{a50dcb29-9bdc-468e-80d4-b3efda0e0734}"/>
    <object class="SingleSound" id="{e45f2c6e-e2e5-4aa3-b893-7c2ef654b4ca}"/>
    <object class="SingleSound" id="{c5c6359d-95c8-478e-867c-62929af29c51}"/>
    <object class="SingleSound" id="{7930d73d-e6f5-456d-9b07-0f7d44bb0dd2}"/>
    <object class="SingleSound" id="{96539d67-14ec-438e-9422-c4296331dffc}"/>
    <object class="SingleSound" id="{448d2aaa-0698-4543-9ca4-f3331d789e65}"/>
    <object class="SingleSound" id="{c486a871-9da1-4dbd-9ab5-6db8439124ff}"/>
    <object class="SingleSound" id="{58192aee-7eda-4107-bc45-5aa20ece74f4}"/>
    <object class="SingleSound" id="{48b9d880-c73a-44fa-8e79-937f020ea059}"/>
    <object class="SingleSound" id="{81c0ade7-4cab-466f-b604-300ec64be135}"/>
    <object class="SingleSound" id="{83b50421-fbb6-40f8-9f3e-c974f6d03594}"/>
    <object class="MixerBusEffectChain" id="{dc86e06d-da1a-4a86-b1cb-9b93187b087f}"/>
    <object class="MixerBusPanner" id="{1225c1bc-1de4-465b-b313-327ae6c24950}"/>
    <object class="MixerBusFader" id="{e5989503-cfb4-4423-afea-f20ae3beb556}"/>
    <object class="MixerBusFader" id="{e4615fa9-7e9e-48c6-a8c2-8691771a2231}"/>
</objects>
