<?xml version="1.0" encoding="UTF-8"?>
<objects serializationModel="Studio.01.10.00">
    <object class="AudioFile" id="{53d4a10c-98bd-4113-aa65-aed79f9f5e47}">
        <property name="assetPath">
            <value>Dawn/Dash/DashEffort-01.wav</value>
        </property>
        <property name="frequencyInKHz">
            <value>44.0999985</value>
        </property>
        <property name="channelCount">
            <value>2</value>
        </property>
        <property name="length">
            <value>0.73142857142857143</value>
        </property>
        <relationship name="masterAssetFolder">
            <destination>{e773a3f3-f870-4942-a30b-1e71c36b7691}</destination>
        </relationship>
    </object>
</objects>
