<?xml version="1.0" encoding="UTF-8"?>
<objects serializationModel="Studio.01.10.00">
    <object class="AudioFile" id="{8f7bb911-17fb-4b13-9d73-48573dbfdf08}">
        <property name="assetPath">
            <value>Steps/StepsNew-02.wav</value>
        </property>
        <property name="frequencyInKHz">
            <value>44.0999985</value>
        </property>
        <property name="channelCount">
            <value>2</value>
        </property>
        <property name="length">
            <value>0.047528344671201816</value>
        </property>
        <relationship name="masterAssetFolder">
            <destination>{e773a3f3-f870-4942-a30b-1e71c36b7691}</destination>
        </relationship>
    </object>
</objects>
