<?xml version="1.0" encoding="UTF-8"?>
<objects serializationModel="Studio.01.10.00">
    <object class="AudioFile" id="{93d81d1e-a3a5-43e1-9437-a80df0d4ceb0}">
        <property name="assetPath">
            <value>Dawn/Jump/Effort_Dawn-17.wav</value>
        </property>
        <property name="frequencyInKHz">
            <value>44.0999985</value>
        </property>
        <property name="channelCount">
            <value>2</value>
        </property>
        <property name="length">
            <value>0.41251700680272108</value>
        </property>
        <relationship name="masterAssetFolder">
            <destination>{e773a3f3-f870-4942-a30b-1e71c36b7691}</destination>
        </relationship>
    </object>
</objects>
