<?xml version="1.0" encoding="UTF-8"?>
<objects serializationModel="Studio.01.10.00">
    <object class="AudioFile" id="{a95d6464-7cf7-4f73-bc3b-776610469c08}">
        <property name="assetPath">
            <value>Enemies/Walker/WalkerSteps-03.wav</value>
        </property>
        <property name="frequencyInKHz">
            <value>44.0999985</value>
        </property>
        <property name="channelCount">
            <value>2</value>
        </property>
        <property name="length">
            <value>0.061383219954648523</value>
        </property>
        <relationship name="masterAssetFolder">
            <destination>{e773a3f3-f870-4942-a30b-1e71c36b7691}</destination>
        </relationship>
    </object>
</objects>
