<?xml version="1.0" encoding="UTF-8"?>
<objects serializationModel="Studio.01.10.00">
    <object class="AudioFile" id="{d941cd8b-48ce-4c85-9e40-434b8a7ad0dc}">
        <property name="assetPath">
            <value>Dusk/Jump/DuskEffor-18.wav</value>
        </property>
        <property name="frequencyInKHz">
            <value>44.0999985</value>
        </property>
        <property name="channelCount">
            <value>2</value>
        </property>
        <property name="length">
            <value>0.3831292517006803</value>
        </property>
        <relationship name="masterAssetFolder">
            <destination>{e773a3f3-f870-4942-a30b-1e71c36b7691}</destination>
        </relationship>
    </object>
</objects>
